{
  "train_losses": [
    2.4605682671070097,
    0.9949900969862938,
    0.28528495151549577,
    0.12883818726986646,
    0.05674702546093613,
    0.04772287765517831,
    0.056732296897098425,
    0.0687092743581161,
    0.013351925835013389,
    0.004967174619378056,
    0.036947360186604786,
    0.13652182735968382,
    0.06963728044647724,
    0.05287979832210112,
    0.016446173749864103,
    0.01944774900621269
  ],
  "val_losses": [
    1.6189023852348328,
    0.4794370859861374,
    0.15398167595267295,
    0.10228123515844345,
    0.014868997503072023,
    0.03370648752897978,
    0.018928451742976905,
    0.006737657100893557,
    0.0026130929531063885,
    0.0007692751329159364,
    0.08888941761106253,
    0.06480202944949269,
    0.002784058277029544,
    0.0058573468239046635,
    0.03866132677067071,
    0.059455663245171306
  ],
  "train_accuracies": [
    19.140625,
    70.46875,
    91.796875,
    96.796875,
    98.28125,
    98.90625,
    98.671875,
    98.125,
    99.6875,
    100.0,
    99.140625,
    95.859375,
    97.96875,
    98.359375,
    99.609375,
    99.53125
  ],
  "val_accuracies": [
    64.0625,
    78.4375,
    95.9375,
    95.0,
    99.6875,
    100.0,
    100.0,
    100.0,
    100.0,
    100.0,
    97.5,
    99.375,
    100.0,
    100.0,
    98.125,
    97.8125
  ],
  "best_val_acc": 100.0,
  "test_accuracy": 1.0
}